step,energy,fmax,time
0,-628.8803100585938,0.77205664,0.40277814865112305
1,-628.8947143554688,0.57493556,0.3980865478515625
2,-628.9049072265625,0.32020792,0.44230175018310547
3,-628.9110717773438,0.20020187,0.44258999824523926
