step,energy,fmax,time
0,-538.01513671875,0.7564841,0.29932093620300293
1,-538.0437622070312,0.6581432,0.3488166332244873
2,-538.066162109375,0.5592445,0.3628673553466797
3,-538.0808715820312,0.4365061,0.3540670871734619
4,-538.0924072265625,0.3846343,0.3022329807281494
5,-538.1005859375,0.32582766,0.35639429092407227
6,-538.1060180664062,0.2754509,0.3648416996002197
7,-538.1106567382812,0.23898049,0.3178730010986328
