step,energy,fmax,time
0,-505.101318359375,0.5918166,0.3031747341156006
1,-505.1210021972656,0.4565585,0.35144948959350586
2,-505.13299560546875,0.4120259,0.3243083953857422
3,-505.14208984375,0.34324643,0.30810022354125977
4,-505.149658203125,0.29597205,0.36084771156311035
5,-505.1556396484375,0.26709864,0.3902554512023926
6,-505.1604309082031,0.23647575,0.3535592555999756
7,-505.1649169921875,0.19947106,0.25839781761169434
