step,energy,fmax,time
0,-602.5107421875,0.274489,0.2984786033630371
1,-602.5194091796875,0.26905954,0.3707442283630371
2,-602.5247192382812,0.23701715,0.35083985328674316
3,-602.5287475585938,0.2140917,0.3596224784851074
4,-602.53173828125,0.19885866,0.3545691967010498
