step,energy,fmax,time
0,-657.6304931640625,0.3501305,0.0
1,-657.6369018554688,0.20932999,0.0
2,-657.6399536132812,0.07439878,0.0
3,-657.6432495117188,0.082082905,0.0
4,-657.6455688476562,0.09048799,0.0
5,-657.6478271484375,0.06354842,0.0
