step,energy,fmax,time
0,-619.6435546875,0.4585199,0.6790988445281982
1,-619.6591796875,0.30923948,1.0164482593536377
2,-619.6693115234375,0.2526934,0.9624409675598145
3,-619.6768798828125,0.21993667,1.0558967590332031
4,-619.68310546875,0.2038297,0.4094851016998291
5,-619.688232421875,0.17831914,0.40752148628234863
