step,energy,fmax,time
0,-626.9632568359375,0.676367,0.6687250137329102
1,-626.9835205078125,0.58856714,1.014277696609497
2,-626.9988403320312,0.38389915,0.39823317527770996
3,-627.0090942382812,0.23283617,1.0043020248413086
4,-627.0166015625,0.21730243,0.3707401752471924
5,-627.022705078125,0.21021155,1.1955513954162598
