step,energy,fmax,time
0,-418.8250732421875,0.49152753,0.2646970748901367
1,-418.843994140625,0.29630968,0.31731224060058594
2,-418.85479736328125,0.242757,0.33522677421569824
3,-418.86328125,0.23715952,0.3012206554412842
4,-418.8697814941406,0.22870533,0.35004448890686035
5,-418.87542724609375,0.22639494,0.3236236572265625
6,-418.8805847167969,0.22215368,0.2889821529388428
7,-418.88494873046875,0.21829276,0.34277892112731934
