step,energy,fmax,time
0,-702.3930053710938,0.48989964,0.46285057067871094
1,-702.4054565429688,0.3722212,0.49444127082824707
2,-702.4141235351562,0.25003716,0.4617636203765869
